title,cwe,description,cvss,finding,stream,kind,where,snippet,method
393. Use of software with known vulnerabilities in development,CWE-1035 + CWE-1321 + CWE-937,Use of express at version 4.17.1 with ['CVE-2022-24999'] in myApp/package.json,CVSS:3.1/AV:N/AC:L/PR:N/UI:N/S:U/C:N/I:N/A:H/E:U/RL:O/RC:C,https://docs.fluidattacks.com/criteria/vulnerabilities/393,skims,SCA,98,"
   88 |     ""cssnano"": ""^4.1.10"",
   89 |     ""cypress"": ""^3.8.2"",
   90 |     ""cypress-image-snapshot"": ""^3.1.1"",
   91 |     ""eslint"": ""^6.8.0"",
   92 |     ""eslint-plugin-babel"": ""^5.3.0"",
   93 |     ""eslint-plugin-cypress"": ""^2.8.1"",
   94 |     ""eslint-plugin-import"": ""^2.20.0"",
   95 |     ""eslint-plugin-jsx-a11y"": ""^6.2.3"",
   96 |     ""eslint-plugin-react"": ""^7.18.0"",
   97 |     ""eslint-plugin-react-hooks"": ""^2.3.0"",
>  98 |     ""express"": ""^4.17.1"",
   99 |     ""file-loader"": ""^5.0.2"",
  100 |     ""identity-obj-proxy"": ""^3.0.0"",
  101 |     ""ip"": ""^1.1.5"",
  102 |     ""jest"": ""^26.4.2"",
  103 |     ""mini-css-extract-plugin"": ""0.8.0"",
  104 |     ""opn"": ""^6.0.0"",
  105 |     ""postcss-import"": ""^12.0.1"",
  106 |     ""postcss-loader"": ""^3.0.0"",
  107 |     ""postcss-preset-env"": ""^6.7.0"",
  108 |     ""prop-types"": ""^15.7.2"",
      ^ Col 0
",npm.npm_pkg_json
393. Use of software with known vulnerabilities in development,CWE-1321 + CWE-347 + CWE-601,"Use of node-forge at version 0.10.0 with ['GHSA-2r2c-g63r-vccr', 'GHSA-5rrq-pxf6-6jx5', 'GHSA-8fr3-hfg3-gpgp', 'GHSA-cfm4-qjh2-4765', 'GHSA-gf8q-jrpm-jvxq', 'GHSA-x4jg-mjrx-434g', 'CVE-2022-24773', 'CVE-2022-0122', 'CVE-2022-24771', 'CVE-2022-24772'] in myApp/package-lock.json",CVSS:3.1/AV:N/AC:L/PR:N/UI:N/S:U/C:N/I:H/A:N/E:U/RL:O/RC:C,https://docs.fluidattacks.com/criteria/vulnerabilities/393,skims,SCA,19086,"
  19076 |       }
  19077 |     },
  19078 |     ""node-fetch"": {
  19079 |       ""version"": ""2.6.7"",
  19080 |       ""resolved"": ""https://registry.npmjs.org/node-fetch/-/node-fetch-2.6.7.tgz"",
  19081 |       ""integrity"": ""sha512-ZjMPFEfVx5j+y2yF35Kzx5sF7kDzxuDj6ziH4FFbOp87zKDZNx8yExJIb05OGF4Nlt9IHFIMBkRl41VdvcNdbQ=="",
  19082 |       ""requires"": {
  19083 |         ""whatwg-url"": ""^5.0.0""
  19084 |       }
  19085 |     },
> 19086 |     ""node-forge"": {
  19087 |       ""version"": ""0.10.0"",
  19088 |       ""resolved"": ""https://registry.npmjs.org/node-forge/-/node-forge-0.10.0.tgz"",
  19089 |       ""integrity"": ""sha512-PPmu8eEeG9saEUvI97fm4OYxXVB6bFvyNTyiUOBichBpFG8A1Ljw3bY62+5oOjDEMHRnd0Y7HQ+x7uzxOzC6JA=="",
  19090 |       ""dev"": true
  19091 |     },
  19092 |     ""node-int64"": {
  19093 |       ""version"": ""0.4.0"",
  19094 |       ""resolved"": ""https://registry.npmjs.org/node-int64/-/node-int64-0.4.0.tgz"",
  19095 |       ""integrity"": ""sha512-O5lz91xSOeoXP6DulyHfllpq+Eg00MWitZIbtPfoSEvqIHdl5gfcY6hYzDWnj0qD5tz52PI08u9qUvSVeUBeHw=="",
  19096 |       ""dev"": true
        ^ Col 0
",npm.npm_pkg_lock_json
393. Use of software with known vulnerabilities in development,CWE-1321,"Use of async at version 2.6.1 with ['GHSA-fwr7-v2mv-hh25', 'CVE-2021-43138'] in myApp/package-lock.json",CVSS:3.1/AV:L/AC:L/PR:N/UI:R/S:U/C:H/I:H/A:H/E:U/RL:O/RC:C,https://docs.fluidattacks.com/criteria/vulnerabilities/393,skims,SCA,7293,"
   7283 |       ""resolved"": ""https://registry.npmjs.org/ast-types-flow/-/ast-types-flow-0.0.8.tgz"",
   7284 |       ""integrity"": ""sha512-OH/2E5Fg20h2aPrbe+QL8JZQFko0YZaF+j4mnQ7BGhfavO7OpSLa8a0y9sBwomHdSbkhTS8TQNayBfnW5DwbvQ=="",
   7285 |       ""dev"": true
   7286 |     },
   7287 |     ""astral-regex"": {
   7288 |       ""version"": ""1.0.0"",
   7289 |       ""resolved"": ""https://registry.npmjs.org/astral-regex/-/astral-regex-1.0.0.tgz"",
   7290 |       ""integrity"": ""sha512-+Ryf6g3BKoRc7jfp7ad8tM4TtMiaWvbF/1/sQcZPkkS7ag3D5nMBCe2UfOTONtAkaG0tO0ij3C5Lwmf1EiyjHg=="",
   7291 |       ""dev"": true
   7292 |     },
>  7293 |     ""async"": {
   7294 |       ""version"": ""2.6.1"",
   7295 |       ""resolved"": ""https://registry.npmjs.org/async/-/async-2.6.1.tgz"",
   7296 |       ""integrity"": ""sha512-fNEiL2+AZt6AlAw/29Cr0UDe4sRAHCpEHh54WMz+Bb7QfNcFw4h3loofyJpLeQs4Yx7yuqu/2dLgM5hKOs6HlQ=="",
   7297 |       ""dev"": true,
   7298 |       ""requires"": {
   7299 |         ""lodash"": ""^4.17.10""
   7300 |       }
   7301 |     },
   7302 |     ""async-each"": {
   7303 |       ""version"": ""1.0.6"",
        ^ Col 0
",npm.npm_pkg_lock_json
393. Use of software with known vulnerabilities in development,CWE-1321,"Use of minimist at version 0.0.8 with ['GHSA-vh95-rmgr-6w4m', 'GHSA-xvch-5gv4-984h', 'CVE-2020-7598', 'CVE-2021-44906'] in myApp/package-lock.json",CVSS:3.1/AV:N/AC:L/PR:N/UI:N/S:U/C:H/I:H/A:H/E:U/RL:O/RC:C,https://docs.fluidattacks.com/criteria/vulnerabilities/393,skims,SCA,18822,"
  18812 |     },
  18813 |     ""minimatch"": {
  18814 |       ""version"": ""3.1.2"",
  18815 |       ""resolved"": ""https://registry.npmjs.org/minimatch/-/minimatch-3.1.2.tgz"",
  18816 |       ""integrity"": ""sha512-J7p63hRiAjw1NDEww1W7i37+ByIrOWO5XQQAzZ3VOcL0PNybwpfmV/N05zFAzwQ9USyEcX6t3UO+K5aqBQOIHw=="",
  18817 |       ""dev"": true,
  18818 |       ""requires"": {
  18819 |         ""brace-expansion"": ""^1.1.7""
  18820 |       }
  18821 |     },
> 18822 |     ""minimist"": {
  18823 |       ""version"": ""0.0.8"",
  18824 |       ""resolved"": ""https://registry.npmjs.org/minimist/-/minimist-0.0.8.tgz"",
  18825 |       ""integrity"": ""sha512-miQKw5Hv4NS1Psg2517mV4e4dYNaO3++hjAvLOAzKqZ61rH8NS1SK+vbfBWZ5PY/Me/bEWhUwqMghEW5Fb9T7Q=="",
  18826 |       ""dev"": true
  18827 |     },
  18828 |     ""minipass"": {
  18829 |       ""version"": ""3.3.6"",
  18830 |       ""resolved"": ""https://registry.npmjs.org/minipass/-/minipass-3.3.6.tgz"",
  18831 |       ""integrity"": ""sha512-DxiNidxSEK+tHG6zOIklvNOwm3hvCrbUrdtzY74U6HKTJxvIDfOUL5W5P2Ghd3DTkhhKPYGqeNUIh5qcM4YBfw=="",
  18832 |       ""dev"": true,
        ^ Col 0
",npm.npm_pkg_lock_json
393. Use of software with known vulnerabilities in development,CWE-1333 + CWE-22 + CWE-27 + CWE-400,"Use of moment at version 2.24.0 with ['GHSA-8hfj-j24r-96c4', 'GHSA-wc69-rhjr-hc9g', 'CVE-2022-24785', 'CVE-2022-31129'] in myApp/package-lock.json",CVSS:3.1/AV:N/AC:L/PR:N/UI:N/S:U/C:N/I:H/A:N/E:U/RL:O/RC:C,https://docs.fluidattacks.com/criteria/vulnerabilities/393,skims,SCA,18938,"
  18928 |     },
  18929 |     ""mkdirp"": {
  18930 |       ""version"": ""0.5.1"",
  18931 |       ""resolved"": ""https://registry.npmjs.org/mkdirp/-/mkdirp-0.5.1.tgz"",
  18932 |       ""integrity"": ""sha512-SknJC52obPfGQPnjIkXbmA6+5H15E+fR+E4iR2oQ3zzCLbd7/ONua69R/Gw7AgkTLsRG+r5fzksYwWe1AgTyWA=="",
  18933 |       ""dev"": true,
  18934 |       ""requires"": {
  18935 |         ""minimist"": ""0.0.8""
  18936 |       }
  18937 |     },
> 18938 |     ""moment"": {
  18939 |       ""version"": ""2.24.0"",
  18940 |       ""resolved"": ""https://registry.npmjs.org/moment/-/moment-2.24.0.tgz"",
  18941 |       ""integrity"": ""sha512-bV7f+6l2QigeBBZSM/6yTNq4P2fNpSWj/0e7jQcy87A8e7o2nAfP/34/2ky5Vw4B9S446EtIhodAzkFCcR4dQg=="",
  18942 |       ""dev"": true
  18943 |     },
  18944 |     ""move-concurrently"": {
  18945 |       ""version"": ""1.0.1"",
  18946 |       ""resolved"": ""https://registry.npmjs.org/move-concurrently/-/move-concurrently-1.0.1.tgz"",
  18947 |       ""integrity"": ""sha512-hdrFxZOycD/g6A6SoI2bB5NA/5NEqD0569+S47WZhPvm46sD50ZHdYaFmnua5lndde9rCHGjmfK7Z8BuCt/PcQ=="",
  18948 |       ""dev"": true,
        ^ Col 0
",npm.npm_pkg_lock_json
393. Use of software with known vulnerabilities in development,CWE-1333,"Use of http-cache-semantics at version 3.8.1 with ['GHSA-rc47-6667-2j5j', 'CVE-2022-25881'] in myApp/package-lock.json",CVSS:3.1/AV:N/AC:L/PR:N/UI:N/S:U/C:N/I:N/A:H/E:U/RL:O/RC:C,https://docs.fluidattacks.com/criteria/vulnerabilities/393,skims,SCA,14144,"
  14134 |       ""resolved"": ""https://registry.npmjs.org/htmlparser2/-/htmlparser2-6.1.0.tgz"",
  14135 |       ""integrity"": ""sha512-gyyPk6rgonLFEDGoeRgQNaEUvdJ4ktTmmUh/h2t7s+M8oPpIPxgNACWa+6ESR57kXstwqPiCut0V8NRpcwgU7A=="",
  14136 |       ""dev"": true,
  14137 |       ""requires"": {
  14138 |         ""domelementtype"": ""^2.0.1"",
  14139 |         ""domhandler"": ""^4.0.0"",
  14140 |         ""domutils"": ""^2.5.2"",
  14141 |         ""entities"": ""^2.0.0""
  14142 |       }
  14143 |     },
> 14144 |     ""http-cache-semantics"": {
  14145 |       ""version"": ""3.8.1"",
  14146 |       ""resolved"": ""https://registry.npmjs.org/http-cache-semantics/-/http-cache-semantics-3.8.1.tgz"",
  14147 |       ""integrity"": ""sha512-5ai2iksyV8ZXmnZhHH4rWPoxxistEexSi5936zIQ1bnNTW5VnA85B6P/VpXiRM017IgRvb2kKo1a//y+0wSp3w=="",
  14148 |       ""dev"": true
  14149 |     },
  14150 |     ""http-errors"": {
  14151 |       ""version"": ""2.0.0"",
  14152 |       ""resolved"": ""https://registry.npmjs.org/http-errors/-/http-errors-2.0.0.tgz"",
  14153 |       ""integrity"": ""sha512-FtwrG/euBzaEjYeRqOgly7G0qviiXoJWnvEH2Z1plBdXgbyjv34pHTSb9zoeHMyDy33+DWy5Wt9Wo+TURtOYSQ=="",
  14154 |       ""dev"": true,
        ^ Col 0
",npm.npm_pkg_lock_json
393. Use of software with known vulnerabilities in development,CWE-144 + CWE-74,"Use of postcss at version 7.0.39 with ['GHSA-7fh5-64p2-3v2j', 'CVE-2023-44270'] in myApp/package-lock.json",CVSS:3.1/AV:N/AC:L/PR:N/UI:N/S:U/C:N/I:L/A:N/E:U/RL:O/RC:C,https://docs.fluidattacks.com/criteria/vulnerabilities/393,skims,SCA,20071,"
  20061 |       ""requires"": {
  20062 |         ""@babel/runtime"": ""^7.17.8""
  20063 |       }
  20064 |     },
  20065 |     ""posix-character-classes"": {
  20066 |       ""version"": ""0.1.1"",
  20067 |       ""resolved"": ""https://registry.npmjs.org/posix-character-classes/-/posix-character-classes-0.1.1.tgz"",
  20068 |       ""integrity"": ""sha512-xTgYBc3fuo7Yt7JbiuFxSYGToMoz8fLoE6TC9Wx1P/u+LfeThMOAqmuyECnlBaaJb+u1m9hHiXUEtwW4OzfUJg=="",
  20069 |       ""dev"": true
  20070 |     },
> 20071 |     ""postcss"": {
  20072 |       ""version"": ""7.0.39"",
  20073 |       ""resolved"": ""https://registry.npmjs.org/postcss/-/postcss-7.0.39.tgz"",
  20074 |       ""integrity"": ""sha512-yioayjNbHn6z1/Bywyb2Y4s3yvDAeXGOyxqD+LnVOinq6Mdmd++SW2wUNVzavyyHxd6+DxzWGIuosg6P1Rj8uA=="",
  20075 |       ""dev"": true,
  20076 |       ""requires"": {
  20077 |         ""picocolors"": ""^0.2.1"",
  20078 |         ""source-map"": ""^0.6.1""
  20079 |       },
  20080 |       ""dependencies"": {
  20081 |         ""picocolors"": {
        ^ Col 0
",npm.npm_pkg_lock_json
117. Unverifiable files,CWE-377,Unverifiable file in myApp/build/webviewer-ui.min.js,CVSS:3.1/AV:N/AC:H/PR:L/UI:N/S:U/C:N/I:L/A:N/E:U/RL:O/RC:C,https://docs.fluidattacks.com/criteria/vulnerabilities/117,skims,SAST,0,"
    1 | !function(e){function t(t){for(var n,r,i=t[0],a=t[1],l=0,u=[];l<i.length;l++)r=i[l],Object.prototype.hasOwnProperty.call(
    2 | /*!
    3 |  Copyright (c) 2018 Jed Watson.
    4 |  Licensed under the MIT License (MIT), see
    5 |  http://jedwatson.github.io/classnames
    6 | */!function(){""use strict"";var n={}.hasOwnProperty;function o(){for(var e="""",t=0;t<arguments.length;t++){var n=arguments[
    7 | /**
    8 |  * @license
    9 |  * Lodash <https://lodash.com/>
   10 |  * Copyright OpenJS Foundation and other contributors <https://openjsf.org/>
   11 |  * Released under MIT license <https://lodash.com/license>
   12 |  * Based on Underscore.js 1.8.3 <http://underscorejs.org/LICENSE>
   13 |  * Copyright Jeremy Ashkenas, DocumentCloud and Investigative Reporters & Editors
   14 |  */(function(){var i=""Expected a function"",a=""__lodash_placeholder__"",l=[[""ary"",128],[""bind"",1],[""bindKey"",2],[""curry"",8]
   15 | á Ž""!==""â€‹
   16 | á Ž""[e]()||r&&i[e].name!==e}))}},function(e,t,n){""use strict"";var r=n(11),o=n(9),i=n(143),a=n(23).NATIVE_ARRAY_BUFFER_VIEWS
   17 | /*
   18 | object-assign
   19 | (c) Sindre Sorhus
   20 | @license MIT
   21 | */var r=Object.getOwnPropertySymbols,o=Object.prototype.hasOwnProperty,i=Object.prototype.propertyIsEnumerable;function a
      ^ Col 0
",generic.unverifiable_files
117. Unverifiable files,CWE-377,Unverifiable file in myApp/lib/core/assets/mime-types/test.wasm,CVSS:3.1/AV:N/AC:H/PR:L/UI:N/S:U/C:N/I:L/A:N/E:U/RL:O/RC:C,https://docs.fluidattacks.com/criteria/vulnerabilities/117,skims,SAST,0,"

",generic.unverifiable_files
117. Unverifiable files,CWE-377,Unverifiable file in myApp/lib/core/external/decode.min.js,CVSS:3.1/AV:N/AC:H/PR:L/UI:N/S:U/C:N/I:L/A:N/E:U/RL:O/RC:C,https://docs.fluidattacks.com/criteria/vulnerabilities/117,skims,SAST,0,"
   1 | if (!Int32Array.__proto__.from) {
   2 |   Object.defineProperty(Int32Array.__proto__, 'from', {
   3 |     value: function(obj) {
   4 |       obj = Object(obj);
   5 |       if (!obj['length']) {
   6 |         return new this(0);
   7 |       }
   8 |       var typed_array = new this(obj.length);
   9 |       for (var i = 0; i < typed_array.length; i++) {
  10 |         typed_array[i] = obj[i];
  11 |       }
  12 |       return typed_array;
  13 |     }
  14 |   });
  15 | }
  16 |
  17 | if (!Array.prototype.copyWithin) {
  18 |   Array.prototype.copyWithin = function(target, start, end) {
  19 |     var O = Object(this);
  20 |     var len = O.length >>> 0;
  21 |     var to = target | 0;
     ^ Col 0
",generic.unverifiable_files
117. Unverifiable files,CWE-377,Unverifiable file in myApp/lib/core/external/model-viewer-1.3.0.min.js,CVSS:3.1/AV:N/AC:H/PR:L/UI:N/S:U/C:N/I:L/A:N/E:U/RL:O/RC:C,https://docs.fluidattacks.com/criteria/vulnerabilities/117,skims,SAST,0,"
    1 | /**
    2 |  * @license
    3 |  * Copyright (c) 2017 The Polymer Project Authors. All rights reserved.
    4 |  * This code may only be used under the BSD style license found at
    5 |  * http://polymer.github.io/LICENSE.txt
    6 |  * The complete set of authors may be found at
    7 |  * http://polymer.github.io/AUTHORS.txt
    8 |  * The complete set of contributors may be found at
    9 |  * http://polymer.github.io/CONTRIBUTORS.txt
   10 |  * Code distributed by Google as part of the polymer project is also
   11 |  * subject to an additional IP rights grant found at
   12 |  * http://polymer.github.io/PATENTS.txt
   13 |  */
   14 | String(Math.random()).slice(2),window.trustedTypes&&trustedTypes.createPolicy(""lit-html"",{createHTML:t=>t})
   15 | /**
   16 |  * @license
   17 |  * Copyright (c) 2017 The Polymer Project Authors. All rights reserved.
   18 |  * This code may only be used under the BSD style license found at
   19 |  * http://polymer.github.io/LICENSE.txt
   20 |  * The complete set of authors may be found at
   21 |  * http://polymer.github.io/AUTHORS.txt
      ^ Col 0
",generic.unverifiable_files
117. Unverifiable files,CWE-377,Unverifiable file in myApp/lib/core/external/model-viewer-legacy-1.3.0.min.js,CVSS:3.1/AV:N/AC:H/PR:L/UI:N/S:U/C:N/I:L/A:N/E:U/RL:O/RC:C,https://docs.fluidattacks.com/criteria/vulnerabilities/117,skims,SAST,0,"
     1 | /**
     2 |  * Copyright (c) 2014-present, Facebook, Inc.
     3 |  *
     4 |  * This source code is licensed under the MIT license found in the
     5 |  * LICENSE file in the root directory of this source tree.
     6 |  */!function(a){""use strict"";function b(a,b,c,e){// If outerFn provided and outerFn.prototype is a Generator, then outerF
     7 |      var f=b&&b.prototype instanceof d?b:d,g=Object.create(f.prototype),h=new m(e||[]);return g._invoke=i(a,c,h),g}// Try
     8 |      // record like context.tryEntries[i].completion. This interface could
     9 |      // have been (and was previously) designed to take a closure to be
    10 |      // invoked without arguments, but in all the cases we care about we
    11 |      // already have an existing method we want to call, so there's no need
    12 |      // to create a new function object. We can even get away with assuming
    13 |      // the method takes exactly one argument, since that happens to be true
    14 |      // in every case, so we don't have to touch the arguments object. The
    15 |      // only additional allocation required is the completion record, which
    16 |      // has a stable shape and so hopefully should be cheap to allocate.
    17 |      function c(a,b,c){try{return{type:""normal"",arg:a.call(b,c)}}catch(a){return{type:""throw"",arg:a}}}// Dummy constructo
    18 |      // .constructor.prototype properties for functions that return Generator
    19 |      // objects. For full spec compliance, you may wish to configure your
    20 |      // minifier not to mangle the names of these two functions.
    21 |      function d(){}function e(){}function f(){}// This is a polyfill for %IteratorPrototype% for environments that
       ^ Col 0
",generic.unverifiable_files
117. Unverifiable files,CWE-377,Unverifiable file in myApp/lib/core/external/pako_inflate.min.js,CVSS:3.1/AV:N/AC:H/PR:L/UI:N/S:U/C:N/I:L/A:N/E:U/RL:O/RC:C,https://docs.fluidattacks.com/criteria/vulnerabilities/117,skims,SAST,0,"
    | /* pako 1.0.5 nodeca/pako */
  2 | !function(e){if(""object""==typeof exports&&""undefined""!=typeof module)module.exports=e();else if(""function""==typeof define
    ^ Col 0
",generic.unverifiable_files
117. Unverifiable files,CWE-377,Unverifiable file in myApp/lib/core/legacyOffice/WebB2XOfficeWorkerWasm.br.wasm,CVSS:3.1/AV:N/AC:H/PR:L/UI:N/S:U/C:N/I:L/A:N/E:U/RL:O/RC:C,https://docs.fluidattacks.com/criteria/vulnerabilities/117,skims,SAST,0,"
      1 | ï¿½#8tï¿½ï¿½ï¿½ï¿½sï¿½ï¿½ï¿½ï¿½{Y ï¿½jï¿½ï¿½$ï¿½ï¿½ï¿½ï¿½2yï¿½Mfï¿½eï¿½d40ï¿½ï¿½ï¿½]!1ï¿½ï¿½ï¿½]ï¿½""ï¿½Aï¿½4ï¿½Ø°Eï¿½ï¿½ï¿½!Rï¿½ï¿½ï¿½ï¿½=QDï¿½ï¿½Qï¿½Vmï¿½ï¿½ï¿½ï¿½ï¿½ï¿½ï¿½~ï¿½ï¿½ï¿½=ï¿½Okï¿½ï¿½ï¿½ï¿½ï¿½ï¿½ï¿½ï¿½
      2 | Jï¿½y3<ï¿½ï¿½ï¿½ßœï¿½wï¿½î¼·ï¿½ï¿½ï¿½ï¿½ï¿½:o.>ï¿½wï¿½+1oï¿½Tï¿½È“ï¿½)6ed#$ï¿½pï¿½ï¿½
      3 | ï¿½ï¿½B!Rï¿½Pï¿½ï¿½KckHï¿½
      4 |
      5 | 4ï¿½jï¿½ï¿½ï¿½ï¿½iï¿½ï¿½ï¿½ï¿½ï¿½ï¿½ï¿½ecï¿½!ï¿½9ï¿½3kï¿½q
      6 | .(
      7 | Rï¿½ï¿½ï¿½ ï¿½ï¿½iï¿½ï¿½Gï¿½ï¿½ï¿½ï¿½Oï¿½Tï¿½#ï¿½PUUUUUUUUUUUUUUUUUUUUUUUUUUUUUUUUUUUUUUUUUUUUUUUUUUUUUUUUUUUUUUUï¿½ï¿½ï¿½}ï¿½ï¿½Zï¿½Ü»Ï½ï¿½u==ï¿½ï¿½Zï¿½ï¿½""D*Xï¿½$D7ï¿½
      8 | ï¿½xï¿½D(/Oï¿½ï¿½>0ï¿½ï¿½ï¿½ï¿½Kï¿½TQï¿½ï¿½,)ï¿½ ï¿½#ï¿½ï¿½ï¿½uÑ¯ï¿½ï¿½Tï¿½ÆŠï¿½(ï¿½vï¿½Z1ï¿½ï¿½:ï¿½ï¿½Cï¿½Ô§ï¿½!ï¿½Ç‰ï¿½""ï¿½|
      9 |
     10 | F>uï¿½ï¿½`
     11 | ï¿½@ï¿½ï¿½K#G9($Bï¿½ï¿½ï¿½zï¿½ï¿½ï¿½#ï¿½ï¿½`|sï¿½#dï¿½Pkï¿½ï¿½ï¿½ï¿½{ï¿½Nï¿½ï¿½'ï¿½Lï¿½ï¿½ï¿½ï¿½t6xï¿½fC]0ï¿½Oï¿½<ï¿½ï¿½ï¿½ï¿½fOï¿½ï¿½>3iï¿½ï¿½t\ï¿½ï¿½3Hï¿½,ï¿½npa`Ø ?{N%ï¿½ï¿½ï¿½ï¿½ï¿½sï¿½Ì¦ï¿½ï¿½fï¿½Pï¿½ï¿½ï¿½yï¿½)
     12 | '0ï¿½qfTf;ï¿½Sï¿½ï¿½0ï¿½ï¿½ï¿½Éƒ'Wï¿½s
     13 | ï¿½ï¿½ï¿½/lHDDDï¿½ï¿½ï¿½ï¿½ï¿½tï¿½Xï¿½ï¿½ï¿½ï¿½ï¿½k\'ï¿½ï¿½ï¿½Cï¿½ï¿½lXï¿½.D]ï¿½ï¿½ï¿½9ï¿½
     14 | l.{pï¿½}ï¿½$l1ï¿½mmRlï¿½h;ï¿½Pï¿½ï¿½~ï¿½ï¿½Sï¿½`ï¿½Cï¿½ï¿½zï¿½ï¿½ï¿½)/jï¿½]ï¿½ï¿½ï¿½ï¿½Ê‡A<Ü°AAD
     15 | @ï¿½NÎ§G4ï¿½ï¿½@aÉ£""ï¿½ï¿½1ï¿½aï¿½ï¿½
     16 | Eï¿½%ï¿½#Tï¿½ï¿½ï¿½}ï¿½Oh?LÝªï¿½ï¿½X,ï¿½xï¿½ï¿½ï¿½ï¿½(ï¿½m'ï¿½pHï¿½ï¿½ï¿½ï¿½N?ï¿½d{5Q9=ï¿½ï¿½ï¿½qï¿½0Epï¿½X|Õ¬ï¿½ï¿½""
     17 | ï¿½
     18 | ï¿½#ï¿½T>ï¿½ï¿½ ï¿½[a<<Cï¿½)9ï¿½ ï¿½pTAZ_ï¿½ï¿½Sï¿½ï¿½:QDEcï¿½ï¿½8ï¿½tê´ˆï¿½uï¿½ï¿½ï¿½ï¿½3ï¿½ï¿½ï¿½gï¿½ï¿½/[%ï¿½Tï¿½~ï¿½ï¿½M8ï¿½%|ï¿½sï¿½[8ï¿½Ï©ï¿½SßŸï¿½}ï¿½rï¿½NCï¿½ ï¿½ï¿½]ï¿½ï¿½ï¿½dGï¿½Ò”ï¿½hkN
     19 | ?ï¿½ï¿½@ï¿½ï¿½ï¿½K(ï¿½c)Fî•‹)ï¿½9ï¿½f=ï¿½ztï¿½ï¿½ï¿½?a2ï¿½ï¿½\ï¿½ï¿½ï¿½ï¿½hï¿½ï¿½ï¿½ï¿½Kï¿½ï¿½ï¿½|~y}ï¿½ï¿½ ï¿½,&ï¿½ï¿½Znï¿½mÙ˜ï¿½V>ï¿½zAï¿½ï¿½ï¿½ï¿½ï¿½;_ï¿½{I=Vï¿½Ê‰CP3ï¿½(ï¿½b
     20 | ï¿½ï¿½e~Bï¿½ï¿½ï¿½Wï¿½ï¿½Xï¿½Yï¿½qï¿½=
     21 | ï¿½v1iï¿½9ï¿½oFï¿½ï¿½ï¿½Q6jC4W
        ^ Col 0
",generic.unverifiable_files
117. Unverifiable files,CWE-377,Unverifiable file in myApp/lib/core/legacyOffice/WebB2XOfficeWorkerWasm.gz.wasm,CVSS:3.1/AV:N/AC:H/PR:L/UI:N/S:U/C:N/I:L/A:N/E:U/RL:O/RC:C,https://docs.fluidattacks.com/criteria/vulnerabilities/117,skims,SAST,0,"
      1 | ï¿½ï¿½cï¿½`WebB2XOfficeWorkerWasm.wasmï¿½TAvwS7ï¿½ï¿½ï¿½bHï¿½` dKï¿½ï¿½ï¿½{oÜ½wwpÝ»ï¿½ï¿½ï¿½
      2 | QQDï¿½MQï¿½
      3 | ï¿½bCE{Ä†(ï¿½ï¿½ï¿½ï¿½ï¿½ï¿½ï¿½&ï¿½ï¿½ï¿½{7;ï¿½ï¿½ï¿½ï¿½ï¿½ï¿½Oï¿½Mï¿½ï¿½ï¿½(ï¿½ ï¿½á‡¿ï¿½ï¿½ï¿½í—±ï¿½
      4 | @
      5 | ~
      6 | iï¿½o9$@ï¿½U""ï¿½ï¿½'E|
      7 | ï¿½ï¿½ï¿½F(hï¿½7_ï¿½p
      8 | oï¿½7È—ï¿½ï¿½o
      9 |  ï¿½ï¿½Jï¿½ï¿½ï¿½(D[Iï¿½IN<ï¿½(ï¿½î¡º,""ï¿½ï¿½ï¿½ï¿½hï¿½ï¿½ï¿½ï¿½ï¿½ï¿½ï¿½kn(ï¿½ï¿½ï¿½~ï¿½)ï¿½ï¿½Pqï¿½ï¿½
     10 | 73ï¿½_ï¿½ï¿½o8ï¿½o8~ï¿½ï¿½~ï¿½ï¿½SQï¿½ï¿½ï¿½2ï¿½CN+ï¿½ï¿½,ï¿½ï¿½ï¿½ï¿½pï¿½*ï¿½ï¿½ï¿½ï¿½!ï¿½ï¿½ï¿½ï¿½Ø¯~ï¿½AHï¿½z!~ï¿½Oï¿½
     11 | 33]ï¿½i|ï¿½/ï¿½ï¿½Sï¿½nï¿½ï¿½Aï¿½cN@ï¿½7<ï¿½""ï¿½ï¿½ï¿½ï¿½ï¿½`~3kï¿½yï¿½Ãµï¿½
     12 | 7ï¿½Ø¬Aï¿½:ï¿½ï¿½ï¿½ï¿½ï¿½+l\ï¿½ï¿½×¾ï¿½4Qs8-ï¿½ï¿½ï¿½`
     13 | ï¿½*ï¿½rï¿½kï¿½ï¿½#rï¿½ï¿½ï¿½ï¿½ï¿½ï¿½B$
     14 | ï¿½ï¿½ï¿½vDï¿½;ï¿½ï¿½ï¿½lï¿½ï¿½.""ï¿½ï¿½ï¿½ï¿½ï¿½ï¿½ï¿½ï¿½sï¿½ï¿½ï¿½?Bï¿½
     15 | #ï¿½ï¿½ï¿½9ï¿½ï¿½ï¿½ï¿½ï¿½Fï¿½ï¿½,ï¿½
     16 | ï¿½ï¿½@l
     17 | ~;ï¿½ï¿½ï¿½rï¿½ï¿½ï¿½ï¿½ï¿½ï¿½B^ï¿½ï¿½w#1
     18 | ~Odï¿½ï¿½ï¿½}_ï¿½ï¿½ï¿½#ï¿½ï¿½7qï¿½ï¿½Hï¿½ï¿½ï¿½ï¿½ï¿½a$ï¿½ï¿½ ï¿½ï¿½ï¿½Gï¿½ï¿½rï¿½cï¿½ï¿½ï¿½Gï¿½
     19 | ï¿½D$^ï¿½Dï¿½ï¿½ï¿½OEï¿½:ï¿½ï¿½3ï¿½>ï¿½ï¿½CL
     20 | NAï¿½ï¿½ï¿½ï¿½Gï¿½ï¿½ï¿½H
     21 | ï¿½ï¿½xcï¿½ï¿½| ï¿½ï¿½Tï¿½ï¿½J*Rì«©|ì°¯ï¿½ò±¯ï¿½ï¿½ï¿½Å¾ï¿½|3*ï¿½V*?qØ¼Tï¿½Sï¿½ï¿½Ñªï¿½D 6ï¿½ï¿½ï¿½hï¿½ï¿½Eï¿½ï¿½ï¿½ï¿½ï¿½ï¿½ï¿½ ï¿½ï¿½Ã¨ï¿½Eï¿½ï¿½Vï¿½8jï¿½'Qï¿½Oï¿½v~%~
        ^ Col 0
",generic.unverifiable_files
117. Unverifiable files,CWE-377,Unverifiable file in myApp/lib/core/office/WebOfficeWorkerWasm.br.wasm,CVSS:3.1/AV:N/AC:H/PR:L/UI:N/S:U/C:N/I:L/A:N/E:U/RL:O/RC:C,https://docs.fluidattacks.com/criteria/vulnerabilities/117,skims,SAST,0,"
       1 | ï¿½ï¿½ï¿½?ï¿½ï¿½ßˆtï¿½Zyï¿½Ú³ï¿½ï¿½!ï¿½$ï¿½ï¿½ï¿½fï¿½ï¿½ï¿½ï¿½dï¿½F+ï¿½ï¿½ï¿½Ýœ!!MI!ï¿½jBIï¿½
       2 | ï¿½ï¿½ï¿½ï¿½Z
       3 | ï¿½ï¿½Ò´ï¿½ï¿½ï¿½ï¿½ï¿½ï¿½ï¿½{*ï¿½zï¿½ï¿½6ï¿½ï¿½?ï¿½sÚ®Ò»tï¿½Uï¿½:Uï¿½ï¿½jï¿½ï¿½wï¿½ï¿½nï¿½FmaYZï¿½GQF@ï¿½ï¿½!ï¿½ï¿½
       4 | ï¿½C$ï¿½$m7Kï¿½ï¿½ï¿½~ï¿½dï¿½ï¿½Ï™qï¿½-ZKkPï¿½ï¿½Bï¿½8Rï¿½ï¿½qï¿½ï¿½Tï¿½ï¿½ï¿½ï¿½ï¿½ï¿½ï¿½ï¿½ï¿½ï¿½ï¿½ï¿½ï¿½ï¿½ï¿½ï¿½ï¿½ï¿½ï¿½ï¿½ï¿½ï¿½ï¿½ï¿½ï¿½ï¿½ï¿½ï¿½ï¿½ï¿½ï¿½ï¿½ï¿½ï¿½ï¿½ï¿½ï¿½ï¿½ï¿½Lï¿½ï¿½|ï¿½ï¿½}Î½ï¿½ï¿½sï¿½oÊ›ï¿½ï¿½ï¿½ï¿½%ï¿½%ï¿½$3Bï¿½ï¿½!&,B!
       5 | iUPï¿½ï¿½Xï¿½ï¿½ï¿½*uhmk';ï¿½ï¿½ï¿½+mï¿½ï¿½×§ï¿½ï¿½wIï¿½`Hï¿½ï¿½U:5ï¿½8Mhï¿½d*ï¿½ï¿½ï¿½ï¿½ï¿½ ÉŠsrï¿½jï¿½=ï¿½5ï¿½uï¿½
       6 | ï¿½%ï¿½ï¿½fï¿½Ì
       7 | ZR8ï¿½Lï¿½ï¿½Tï¿½[ï¿½ï¿½[U
       8 | Uï¿½GÚ:Nwï¿½ï¿½
       9 | ï¿½Û¶ï¿½ï¿½1$ï¿½Tï¿½ï¿½Ô“^ï¿½×¿.ï¿½;Yï¿½ï¿½ï¿½ ï¿½ï¿½U6ï¿½ï¿½1ï¿½dï¿½=,
      10 | iï¿½
      11 | ï¿½ï¿½ï¿½ï¿½Pï¿½Xï¿½ï¿½Ó‰ï¿½ï¿½ï¿½Mï¿½)ï¿½hï¿½ï¿½ï¿½ï¿½R
      12 | ï¿½Ã´ï¿½ï¿½ï¿½Ù¹9lï¿½ï¿½'ï¿½
      13 | ï¿½#qï¿½ ï¿½ï¿½8ï¿½Ha~ï¿½{ï¿½ï¿½(ï¿½iMï¿½ï¿½ï¿½KTÓƒrË‡ï¿½ï¿½a
      14 |
      15 | Fï¿½0ï¿½eï¿½!ï¿½+ï¿½1ï¿½ï¿½ï¿½*Fï¿½ï¿½ï¿½/ï¿½}ï¿½#2lï¿½ï¿½ßG{ï¿½ï¿½aï¿½Ggï¿½>ï¿½d-Eï¿½Ç•Tï¿½ï¿½Ppï¿½Fï¿½ï¿½leï¿½ï¿½ï¿½ ï¿½ï¿½qï¿½zï¿½crï¿½ï¿½i ï¿½bï¿½ï¿½ï¿½Sï¿½ï¿½Tï¿½ï¿½eï¿½ï¿½ï¿½ï¿½`ï¿½ï¿½0Xï¿½ï¿½ï¿½&ï¿½4[ï¿½pï¿½2ï¿½
      16 |
      17 | ï¿½ï¿½Y)ï¿½ï¿½Éï¿½ï¿½Â¡Ffuï¿½9Xcï¿½ï¿½ï¿½V(ï¿½ï¿½ï¿½_ï¿½
      18 | ï¿½
      19 | ï¿½Krï¿½yhï¿½qï¿½*ï¿½.ï¿½ï¿½F
      20 | ï¿½ï¿½ï¿½Pï¿½04krï¿½ï¿½=
      21 | ï¿½ï¿½ï¿½I)eï¿½l[ï¿½ï¿½$ï¿½Mqï¿½Yï¿½vaHNï¿½ o.""&1F[ï¿½ï¿½Eï¿½*ï¿½Dï¿½u)dP@ZVCï¿½ï¿½7ï¿½ï¿½ï¿½ï¿½ï¿½ï¿½ï¿½q)ï¿½ï¿½|ï¿½Hï¿½ï¿½bï¿½~Eï¿½9ï¿½ï¿½ï¿½È‰@wï¿½ï¿½Q4Sï¿½
         ^ Col 0
",generic.unverifiable_files
117. Unverifiable files,CWE-377,Unverifiable file in myApp/lib/core/office/WebOfficeWorkerWasm.gz.wasm,CVSS:3.1/AV:N/AC:H/PR:L/UI:N/S:U/C:N/I:L/A:N/E:U/RL:O/RC:C,https://docs.fluidattacks.com/criteria/vulnerabilities/117,skims,SAST,0,"
       1 | ï¿½^ï¿½`WebOfficeWorkerWasm.wasmï¿½] xEï¿½7=M3ï¿½ï¿½ï¿½`ï¿½
       2 | YAV%ï¿½. ï¿½+ï¿½ï¿½ï¿½
       3 | weCH
       4 |
       5 | ï¿½
       6 | ï¿½c  gBï¿½ Gï¿½Kï¿½>D@N9ï¿½AQ9ï¿½ï¿½Tdï¿½Wï¿½3=Gp×½ï¿½ï¿½ï¿½ï¿½ï¿½ï¿½^ï¿½zï¿½ï¿½Wï¿½ï¿½']
       7 | %eï¿½Rï¿½ï¿½\O})Wï¿½Eï¿½}mï¿½Hï¿½ï¿½
       8 | Wï¿½E0ï¿½\ï¿½ï¿½ï¿½ï¿½
       9 | ï¿½ï¿½#ï¿½ï¿½8P{ï¿½ï¿½bï¿½lyï¿½ï¿½ï¿½.)hï¿½WUï¿½e,ie3ï¿½lÈï¿½5.HdsU
      10 | ï¿½lNï¿½Ëªï¿½ï¿½;ï¿½ï¿½ï¿½Dï¿½ï¿½Ynhï¿½
      11 | ï¿½ï¿½Oï¿½$ï¿½=+ï¿½H ï¿½ï¿½8Eï¿½H6ï¿½|ï¿½ï¿½ï¿½
      12 | rD,ï¿½gï¿½+GRï¿½ï¿½ï¿½ï¿½ï¿½lï¿½ï¿½/[ï¿½Zï¿½Å•ï¿½bï¿½lÉ®dï¿½Í‘Ä²ï¿½nï¿½9B-9>ï¿½ï¿½IJ%etï¿½Dï¿½ï¿½ï¿½ï¿½Xï¿½ï¿½zï¿½h);Hï¿½>ï¿½ï¿½ï¿½
      13 | %ï¿½ï¿½
      14 | fsï¿½kX
      15 | ï¿½0s|ï¿½
      16 | ï¿½aï¿½>ï¿½ï¿½#ï¿½ï¿½ï¿½9AEï¿½ï¿½Q#Bdfï¿½Hi1ï¿½ï¿½Lï¿½Fï¿½ï¿½2ï¿½ï¿½qï¿½Ù¥ï¿½ï¿½ï¿½ï¿½MSï¿½(ï¿½ï¿½=-ï¿½,ï¿½Rï¿½ï¿½Xï¿½)Mï¿½ï¿½sï¿½ï¿½Ø–ï¿½ï¿½5o)ï¿½:ï¿½|
      17 | aï¿½nï¿½vï¿½Kï¿½ï¿½J5ï¿½Wï¿½ZS5ï¿½Bï¿½ï¿½ï¿½_ï¿½Yï¿½ï¿½&naï¿½ï¿½ï¿½Oï¿½ï¿½ï¿½ï¿½ï¿½ì–Ë˜tï¿½ï¿½""sï¿½>ï¿½rï¿½
      18 | ï¿½ï¿½ï¿½ï¿½XRÊ–ÊœLï¿½ï¿½
      19 | ï¿½ï¿½ja7ï¿½ï¿½ï¿½ï¿½ï¿½
      20 | Yhï¿½ï¿½ï¿½'ï¿½7bhï¿½ï¿½ï¿½_@9L_ï¿½?k_ ï¿½ï¿½
      21 | ï¿½[ï¿½h#ï¿½'ï¿½
         ^ Col 0
",generic.unverifiable_files
117. Unverifiable files,CWE-377,Unverifiable file in myApp/lib/core/pdf/full/PDFNetCWasm.br.wasm,CVSS:3.1/AV:N/AC:H/PR:L/UI:N/S:U/C:N/I:L/A:N/E:U/RL:O/RC:C,https://docs.fluidattacks.com/criteria/vulnerabilities/117,skims,SAST,0,"
       1 | ï¿½ï¿½ï¿½ï¿½ï¿½ï¿½ï¿½tï¿½ï¿½ï¿½ï¿½ï¿½ï¿½
       2 | ï¿½ñ°ï¿½Xï¿½Nï¿½>ï¿½ï¿½}-ï¿½ï¿½ï¿½7sÓ³ï¿½^<ï¿½ï¿½ï¿½ï¿½""ï¿½ï¿½ï¿½eï¿½ï¿½Ön}ï¿½eï¿½ï¿½:Gï¿½ï¿½ï¿½)ï¿½Pï¿½$NÈï¿½Bï¿½$ï¿½ï¿½_Uï¿½ï¿½k<ï¿½ï¿½ï¿½{ï¿½@o7ï¿½wï¿½ï¿½Oï¿½ï¿½lï¿½WÓžï¿½ï¿½n]ï¿½ï¿½ï¿½iï¿½8Gï¿½vï¿½n
       3 | É®gï¿½ï¿½ï¿½ï¿½ï¿½hQ#Yï¿½$ï¿½dï¿½
       4 | &ï¿½Zï¿½ï¿½ï¿½@pï¿½!ï¿½ 1ï¿½Ifï¿½1Fï¿½3ï¿½Iï¿½| Ìd&M<3ï¿½ï¿½ï¿½ï¿½{a0ï¿½4ï¿½ï¿½ï¿½ï¿½ï¿½ï¿½Cï¿½ï¿½ï¿½cï¿½ï¿½2ï¿½sï¿½3URï¿½&M1ï¿½ï¿½R
       5 | Ì cbï¿½(ï¿½
       6 | (Cï¿½(ï¿½UtÝ€Rï¿½ï¿½ï¿½-@iï¿½ï¿½ï¿½ï¿½!ï¿½ï¿½ï¿½ï¿½ï¿½ï¿½ï¿½ï¿½ï¿½ï¿½ï¿½ï¿½ï¿½ï¿½ï¿½ï¿½ï¿½ï¿½ï¿½ï¿½ï¿½ï¿½ï¿½ï¿½ï¿½ï¿½ï¿½ï¿½ï¿½ï¿½ï¿½ï¿½ï¿½ï¿½ï¿½ï¿½ï¿½ï¿½ï¿½ï¿½ï¿½ï¿½ï¿½ï¿½ï¿½ï¿½ï¿½ï¿½ï¿½ï¿½ï¿½ï¿½ï¿½<ß»ï¿½kï¿½s_ï¿½9ï¿½ï¿½aï¿½ï¿½2ï¿½ï¿½ï¿½a&ï¿½ï¿½ï¿½ï¿½ !ï¿½0$ï¿½@$ï¿½ï¿½Fï¿½I
       7 | pqï¿½ï¿½ï¿½ï¿½ï¿½ï¿½Úªï¿½ï¿½ï¿½ï¿½ï¿½ï¿½ï¿½ï¿½ï¿½ï¿½ï¿½`(ï¿½V&4,bï¿½pï¿½ï¿½ï¿½nï¿½ï¿½}
       8 | ?
       9 | Agï¿½(
      10 |  ï¿½Lï¿½ï¿½Cï¿½)ï¿½$
      11 | ï¿½tï¿½3""&ï¿½ï¿½Yï¿½:'7ï¿½ï¿½Ï¢ï¿½ï¿½t$ï¿½ï¿½ï¿½ï¿½&)ï¿½,ï¿½ï¿½ï¿½ï¿½ï¿½WTVï¿½jï¿½×˜ï¿½Zï¿½r
      12 | ï¿½'[Sï¿½6hGXMjljFKï¿½Mï¿½ï¿½y+0ï¿½ï¿½CÔˆï¿½ï¿½Yï¿½ï¿½ï¿½deï¿½ï¿½ï¿½ï¿½ï¿½Kï¿½:-0ï¿½
      13 | ï¿½ï¿½Pï¿½-ï¿½ï¿½Vï¿½-ï¿½*Hï¿½ï¿½Jï¿½zï¿½Bï¿½(ï¿½ï¿½/ï¿½ï¿½ï¿½ ï¿½qÊ’Ô¥ï¿½ï¿½Ë†ï¿½ï¿½2xï¿½Lï¿½:
      14 | %ï¿½ï¿½ï¿½iï¿½tï¿½}Uï¿½ï¿½
      15 | 'x5ï¿½eï¿½ï¿½ï¿½Nï¿½ï¿½Zï¿½ï¿½ï¿½w)Q)qÔ”ï¿½E
      16 | ï¿½aï¿½*ï¿½ï¿½×†ï¿½ï¿½%'ï¿½Yvï¿½(6ï¿½ï¿½ï¿½1ï¿½ï¿½sï¿½f7Ñ˜Ø²US7ï¿½mï¿½ï¿½;ï¿½h<Qjï¿½ï¿½ï¿½ï¿½Ü•ï¿½#ï¿½ï¿½qï¿½ï¿½tï¿½ï¿½e{nï¿½ï¿½ï¿½Nï¿½ï¿½ï¿½ï¿½,×“ï¿½ï¿½'ï¿½ï¿½ï¿½ï¿½
      17 |
      18 | iï¿½ï¿½zï¿½ï¿½ï¿½ÈŠjMï¿½~Nï¿½Sï¿½ï¿½Aï¿½ï¿½ï¿½ï¿½ï¿½ï¿½ï¿½E\ÍUï¿½ï¿½ï¿½Dï¿½;<ï¿½=ï¿½ï¿½ï¿½kï¿½ï¿½@ï¿½Ö¤Ã»ï¿½'ï¿½Eï¿½.;ï¿½ï¿½REnï¿½>ï¿½ï¿½$&nï¿½Sp;Æ¥ï¿½ï¿½ï¿½Ü±ï¿½8 ï¿½3\wï¿½aï¿½eï¿½ï¿½
      19 | ï¿½ï¿½Wï¿½#ï¿½ï¿½Iï¿½ï¿½Jï¿½Î¿ï¿½ï¿½ï¿½Û½{h>9ï¿½0ï¿½ï¿½ï¿½ï¿½ï¿½fï¿½2ÊµPHï¿½ï¿½rï¿½Vï¿½ï¿½ï¿½qWï¿½ï¿½jï¿½Iï¿½Qï¿½aï¿½ï¿½ï¿½ï¿½Nï¿½ï¿½Ptï¿½ËŽ#t,ï¿½ï¿½p^ï¿½=ï¿½ï¿½ï¿½he
      20 | ï¿½ï¿½ï¿½ï¿½ï¿½1ï¿½}4%ï¿½Hï¿½ï¿½ï¿½eï¿½ï¿½ï¿½Fï¿½{_:ï¿½Tcï¿½|ï¿½pï¿½O)(
      21 | +;aï¿½ï¿½ï¿½ï¿½>}ï¿½0ï¿½ï¿½Nï¿½*ï¿½ï¿½ï¿½`ï¿½ï¿½,ï¿½Åš2uï¿½Ã›ï¿½x==ï¿½ï¿½V(8ï¿½'ï¿½ï¿½pNï¿½ï¿½ï¿½aÄ£ï¿½ï¿½ï¿½< 2qï¿½ï¿½ï¿½wcÑ³2ï¿½zï¿½ï¿½,ï¿½ï¿½ï¿½ï¿½ï¿½ï¿½ï¿½paï¿½wWï¿½T`Pï¿½?UFï¿½ï¿½4<ï¿½eÔ·]ï¿½mï¿½ï¿½n<ï¿½}ß»Ln
         ^ Col 0
",generic.unverifiable_files
117. Unverifiable files,CWE-377,Unverifiable file in myApp/lib/core/pdf/full/PDFNetThreadedWasm.br.wasm,CVSS:3.1/AV:N/AC:H/PR:L/UI:N/S:U/C:N/I:L/A:N/E:U/RL:O/RC:C,https://docs.fluidattacks.com/criteria/vulnerabilities/117,skims,SAST,0,"
       1 | ï¿½ï¿½ï¿½ï¿½ï¿½?ï¿½ï¿½é®ï¿½Kï¿½ï¿½>lï¿½ï¿½ï¿½ï¿½ï¿½F;ï¿½ï¿½ï¿½ÒŒï¿½.ï¿½>iï¿½Qd|ï¿½zWï¿½Wï¿½ï¿½/ï¿½ï¿½ï¿½ï¿½,ï¿½6ï¿½$$M[ï¿½ï¿½ï¿½ï¿½ï¿½ï¿½Òžï¿½6Bhï¿½ihï¿½ï¿½!ï¿½/ï¿½ï¿½ï¿½oï¿½-ï¿½ï¿½_bï¿½ï¿½ï¿½ï¿½ï¿½Og?ï¿½jpï¿½ï¿½:
       2 | Uï¿½u}ï¿½ï¿½ï¿½ï¿½ï¿½Ç«ï¿½ï¿½ï¿½ï¿½ï¿½*;Fï¿½ï¿½1rlï¿½MYÙ¥Ô­ï¿½ï¿½ï¿½Hï¿½Eï¿½ï¿½ï¿½Nï¿½ï¿½1v
       3 | Kcxï¿½{ï¿½@ç™¸ï¿½ï¿½ tï¿½nï¿½ï¿½ï¿½ï¿½ï¿½ï¿½>ï¿½ï¿½ß³Cï¿½ï¿½
       4 | C$Mï¿½ï¿½nï¿½# (ï¿½Y=ï¿½ï¿½:;9ï¿½#)(ï¿½1ï¿½ï¿½Ã˜ï¿½0`
       5 | $Wk @ï¿½Rï¿½`ï¿½-Ì“ï¿½ï¿½ï¿½`ï¿½
       6 | ï¿½ï¿½ï¿½ï¿½QU~ï¿½ETUUUUUUUUUUUUUUUUUUUUUUUUUUUUUUUUUUUUUUUUUUUUUUUUUUUßœï¿½ï¿½ysï¿½_ï¿½ï¿½;ï¿½ï¿½{ï¿½gfï¿½Ì¤ï¿½É¤LJ%$!!ï¿½$$!!B!DJï¿½ï¿½ï¿½$ï¿½
       7 | *ï¿½ï¿½ï¿½ï¿½ï¿½ï¿½ÑŽ>}ï¿½ï¿½{ï¿½ï¿½ï¿½ï¿½ï¿½ï¿½ï¿½ï¿½&&ï¿½ï¿½Yï¿½ï¿½Nï¿½ï¿½ï¿½ï¿½Ç‹ï¿½ï¿½/ï¿½8Aï¿½ï¿½C p&ï¿½%%ï¿½ï¿½""-ï¿½Oï¿½rï¿½ï¿½ ï¿½3aï¿½deï¿½ï¿½ï¿½Dï¿½|ï¿½~ï¿½Lï¿½ï¿½ï¿½hï¿½ï¿½ï¿½Jï¿½Ò²ï¿½ï¿½~ï¿½&*Qï¿½ï¿½R%Õ³Ò²JHv
       8 | ï¿½ï¿½ï¿½ï¿½ï¿½
       9 | RZï¿½jt;ï¿½ï¿½
      10 | Í´ï¿½.""ï¿½
      11 | 3ï¿½Uqï¿½ï¿½>ï¿½_ï¿½ï¿½Krtï¿½$Ãï¿½ï¿½Ôˆ
      12 | ï¿½Nï¿½5ï¿½$ ï¿½XwEOVï¿½ï¿½Tï¿½ï¿½'ï¿½Þ¾ï¿½6ï¿½c&Uï¿½Feï¿½ï¿½j
      13 |
      14 | ï¿½ ï¿½ï¿½Lï¿½ï¿½*`ï¿½ï¿½ï¿½Å¢*Qï¿½xï¿½Ò‡P4}Ëˆï¿½
      15 | vXï¿½ï¿½}ï¿½ï¿½H ï¿½ï¿½rï¿½ï¿½Yaï¿½
      16 | ï¿½tï¿½ï¿½ï¿½uï¿½/ï¿½ï¿½ï¿½Èˆï¿½ï¿½Zï¿½0ÊPï¿½U`ï¿½ï¿½
      17 | cï¿½Tï¿½ï¿½4k`ï¿½B.ï¿½(ï¿½aGï¿½ï¿½:ï¿½1;aï¿½ï¿½ï¿½ï¿½ï¿½,ï¿½ï¿½1ï¿½""Mï¿½&1ï¿½ï¿½q8ï¿½3ï¿½0ï¿½ï¿½ï¿½^ï¿½Lï¿½ï¿½:ï¿½Qï¿½!Rï¿½
      18 |
      19 |
      20 | #g 1ï¿½ JT'Fï¿½Dï¿½Iï¿½@ï¿½#(%ï¿½Ú¡ï¿½ï¿½
      21 | ï¿½ï¿½Pf3ï¿½ï¿½ï¿½pï¿½lï¿½83ï¿½ï¿½zï¿½ï¿½ï¿½6ÂmHï¿½Aï¿½Aï¿½aqï¿½
         ^ Col 0
",generic.unverifiable_files
117. Unverifiable files,CWE-377,Unverifiable file in myApp/lib/core/pdf/lean/PDFNetCWasm.br.wasm,CVSS:3.1/AV:N/AC:H/PR:L/UI:N/S:U/C:N/I:L/A:N/E:U/RL:O/RC:C,https://docs.fluidattacks.com/criteria/vulnerabilities/117,skims,SAST,0,"
      1 | ï¿½Uï¿½ï¿½oï¿½ï¿½ï¿½ï¿½r[gï¿½ï¿½dfï¿½aFCZ`$2ï¿½{ï¿½ï¿½;ï¿½ï¿½ï¿½ï¿½Þ¹ï¿½ï¿½szr ibZfï¿½éž›ï¿½ï¿½ï¿½ï¿½ï¿½Lï¿½I8baCx5ï¿½ï¿½F1jï¿½Lï¿½ZV ï¿½Uï¿½ï¿½Viï¿½Ï£ï¿½ï¿½aIï¿½ï¿½
      2 | ï¿½ï¿½5ï¿½oï¿½nBxÚ»ï¿½?ï¿½ï¿½ï¿½)gï¿½?ï¿½ï¿½å³ï¿½ï¿½T=ï¿½ï¿½ï¿½1ï¿½zZÕ¢ï¿½ï¿½ï¿½ï¿½xï¿½Y!ZBï¿½#
      3 | ï¿½f{vï¿½b@fï¿½8,ï¿½(f
      4 | lÈ¢8ï¿½Iï¿½!qï¿½ï¿½::ï¿½ï¿½'ï¿½jï¿½ï¿½2zï¿½ï¿½ï¿½ï¿½ï¿½-&ï¿½Nzï¿½/ï¿½Vï¿½ï¿½.H
      5 | ï¿½ ï¿½ï¿½ï¿½ï¿½qï¿½ï¿½ï¿½ï¿½pï¿½ï¿½ï¿½ï¿½/TUUUUUUUUUUUUUUUUUUUUUUUUUUUUUUUUUUUUUUUUUUUUUUUUUUUUUUUUUUUUï¿½ï¿½'ï¿½yï¿½wÚ¯uÎ»{ï¿½{ï¿½ï¿½*ï¿½ï¿½ï¿½$ï¿½@ï¿½Q$ï¿½ÑšÓŠE1ï¿½ï¿½X
      6 | ï¿½ï¿½ï¿½ï¿½ï¿½Kï¿½Û‰ï¿½ï¿½ï¿½q
      7 | ;q
      8 | ï¿½ï¿½!ï¿½ï¿½ï¿½L2Ifï¿½ï¿½ï¿½
      9 | Â¢ï¿½Bï¿½ï¿½ï¿½1&Bbï¿½Cï¿½qï¿½Pï¿½ ï¿½ï¿½PÊ·KÛ‹7ï¿½8[sï¿½rrï¿½Aï¿½""ï¿½\TLï¿½L ï¿½ï¿½K9dWï¿½ï¿½ï¿½ï¿½ï¿½Ëªb=ò´§ Øï¿½ï¿½vï¿½ï¿½ï¿½^ï¿½ï¿½ï¿½E?ï¿½ï¿½WFï¿½ï¿½3ï¿½~ b
     10 | ï¿½ï¿½ï¿½>ï¿½ï¿½ï¿½ï¿½Vï¿½ï¿½<ï¿½ï¿½ï¿½ï¿½dï¿½S
     11 | ï¿½rCyï¿½Hï¿½
     12 | 5ZZZï¿½DÑ€QmYcï¿½
     13 | ï¿½Æï¿½@ï¿½#
     14 | &b ï¿½ï¿½NFoï¿½)ï¿½>5ï¿½ï¿½'iï¿½ï¿½>ï¿½ï¿½ï¿½iï¿½N3
     15 | ï¿½iï¿½ï¿½Yï¿½c[fStEï¿½tï¿½pï¿½IbVÌ›ï¿½
     16 | æš‚+ï¿½
     17 | 
     18 | ï¿½ï¿½*\bpï¿½ï¿½K)/ï¿½Nï¿½CJï¿½ï¿½ï¿½ï¿½ï¿½Q:ï¿½Z=ï¿½rï¿½ï¿½Jï¿½ï¿½Zï¿½ï¿½ï¿½-ï¿½uï¿½\ï¿½k' ï¿½ï¿½ï¿½0/ï¿½WA6
     19 | 6!Î›ï¿½eï¿½""ï¿½ï¿½BQmï¿½ï¿½6ï¿½ï¿½vï¿½ï¿½E!oï¿½Jï¿½ï¿½ï¿½vcï¿½ï¿½Yï¿½ï¿½Iï¿½ï¿½ï¿½ï¿½Bï¿½YZï¿½ï¿½ï¿½ï¿½5ï¿½ï¿½)phï¿½kï¿½1ï¿½Å“ï¿½n.ï¿½bï¿½ï¿½ï¿½ï¿½
     20 | @ï¿½/gï¿½A>ï¿½ï¿½,Pï¿½ï¿½:E%
     21 | ï¿½ï¿½ï¿½Ð†Rï¿½ï¿½ï¿½e.ï¿½ï¿½(ï¿½+Dï¿½,ï¿½ï¿½ï¿½ï¿½Bï¿½ï¿½Hï¿½z8d#ï¿½#
        ^ Col 0
",generic.unverifiable_files
117. Unverifiable files,CWE-377,Unverifiable file in myApp/lib/core/pdf/lean/PDFNetThreadedWasm.br.wasm,CVSS:3.1/AV:N/AC:H/PR:L/UI:N/S:U/C:N/I:L/A:N/E:U/RL:O/RC:C,https://docs.fluidattacks.com/criteria/vulnerabilities/117,skims,SAST,0,"
      1 | ï¿½zï¿½ï¿½ï¿½ï¿½ï¿½Ó«ï¿½ï¿½ï¿½Ì³ï¿½ï¿½]tV;ï¿½ï¿½ï¿½ï¿½ï¿½=9ï¿½""ï¿½ï¿½ï¿½1ï¿½
      2 | ï¿½ï¿½Shï¿½'
      3 | ß¦ï¿½ï¿½)ï¿½ï¿½ï¿½5ï¿½ï¿½fï¿½ï¿½
      4 | Gwï¿½nï¿½ï¿½ï¿½ï¿½ï¿½]eï¿½Rï¿½Bï¿½Mwï¿½ï¿½Xï¿½Ñºï¿½ï¿½ï¿½@Rï¿½
      5 | ï¿½$BMï¿½Qï¿½Eï¿½yï¿½(ï¿½ï¿½
      6 | ï¿½7ï¿½xbï¿½Hï¿½a0ï¿½4ï¿½Þ¯;ï¿½ï¿½ï¿½[ï¿½ï¿½oï¿½N,;-ï¿½ï¿½Kï¿½ï¿½Nï¿½0q#Dï¿½ï¿½""ï¿½ï¿½QGï¿½-P
      7 | 4ï¿½ï¿½ï¿½!ï¿½ï¿½ï¿½ï¿½ï¿½ï¿½ï¿½ï¿½ï¿½ï¿½ï¿½ï¿½ï¿½ï¿½ï¿½ï¿½ï¿½ï¿½ï¿½ï¿½ï¿½ï¿½ï¿½ï¿½ï¿½ï¿½ï¿½ï¿½ï¿½ï¿½ï¿½ï¿½ï¿½dï¿½ï¿½ï¿½ï¿½ï¿½ï¿½ï¿½ï¿½ï¿½ï¿½ê–¦mMï¿½UAï¿½ï¿½+ï¿½Pï¿½ï¿½ï¿½Pï¿½
      8 | ï¿½ï¿½
      9 | ï¿½A
     10 | ï¿½ï¿½ï¿½vï¿½ï¿½O,TZZk
     11 | -ï¿½:p]
     12 |
     13 | ,@CaDï¿½1ï¿½ï¿½xK""ï¿½ï¿½X:ï¿½ï¿½ ï¿½E ï¿½ï¿½Rï¿½pÉ†*Wï¿½.ï¿½tk[Uï¿½ï¿½k
     14 | ï¿½ï¿½.>cvï¿½NzXï¿½Kï¿½}bï¿½$ï¿½ï¿½ï¿½Oï¿½ï¿½hï¿½dÎ–2#ï¿½Pï¿½(ï¿½ÎeAr>zï¿½ï¿½CaBï¿½ï¿½Bvrj:Mï¿½,ï¿½c
     15 | ï¿½ï¿½ï¿½Yï¿½BC[ï¿½QtV4ï¿½yh,@ï¿½Yï¿½ï¿½ï¿½%ï¿½ï¿½%ï¿½ï¿½ ï¿½&<ï¿½ï¿½uï¿½2&`IDL(0
     16 | bkï¿½ï¿½ï¿½ï¿½ï¿½ï¿½*ï¿½ï¿½ï¿½ï¿½ï¿½ï¿½ï¿½nlnï¿½ï¿½ï¿½m\ï¿½ï¿½
     17 | ï¿½ï¿½ï¿½`wï¿½ï¿½ï¿½ï¿½}ï¿½ï¿½^Ejï¿½ï¿½`\ï¿½ï¿½}vï¿½ï¿½ï¿½ï¿½ï¿½ï¿½ï¿½7ï¿½xï¿½iï¿½jï¿½ï¿½ï¿½&5ï¿½ï¿½ï¿½tlp\ï¿½ï¿½sï¿½ï¿½p|ï¿½Sï¿½-ï¿½rï¿½.ï¿½+3 ï¿½=Cï¿½ï¿½`(0Xï¿½)ï¿½ï¿½ÍŠjÊ²
     18 | Y`#
     19 | ï¿½ï¿½ï¿½,ï¿½ï¿½W^ï¿½ï¿½ï¿½,ï¿½Hï¿½b%ï¿½bï¿½ï¿½4Õ˜Fï¿½[e-ï¿½kï¿½ï¿½È˜pï¿½Fi<gï¿½ï¿½1Eï¿½ï¿½è‰ˆï¿½
     20 |
     21 | ï¿½ï¿½ï¿½ï¿½LWï¿½nï¿½Eï¿½ï¿½ï¿½ï¿½ï¿½ï¿½Jï¿½ï¿½1ï¿½ï¿½ï¿½ï¿½ï¿½{~Ö°ï¿½ReLLÎ¡
        ^ Col 0
",generic.unverifiable_files
117. Unverifiable files,CWE-377,Unverifiable file in myApp/lib/core/pdf/simple_wasm/MemGrow.wasm,CVSS:3.1/AV:N/AC:H/PR:L/UI:N/S:U/C:N/I:L/A:N/E:U/RL:O/RC:C,https://docs.fluidattacks.com/criteria/vulnerabilities/117,skims,SAST,0,"
     1 | asmï¿½1``````````````~~```
     2 | `
     3 | `}`}`}`}}`}}}`}}}}`}`}}`}}}`}}}}` `~`~~`|`|`~
     4 | envrenvsenvtenvuenvvenvw
     5 | envx
     6 | envyenvz
     7 | envAenvBenvCenvDenvEenvFenvG-envHenvIenvJenvKenvLenvMenvN
     8 | envOenvPenvQ env
     9 | __table_baseglobalInfinity|envmemoryQï¿½ï¿½envtablepuuï¿½ï¿½ !
    10 |
    11 | %0
    12 |  
    13 | 
    14 | !&
    15 | 
    16 |
    17 |
    18 | "" 
    19 |
    20 |  $
    21 |
       ^ Col 0
",generic.unverifiable_files
117. Unverifiable files,CWE-377,Unverifiable file in myApp/lib/core/webviewer-core.min.js,CVSS:3.1/AV:N/AC:H/PR:L/UI:N/S:U/C:N/I:L/A:N/E:U/RL:O/RC:C,https://docs.fluidattacks.com/criteria/vulnerabilities/117,skims,SAST,0,"
     1 | /** Notice * This file contains works from many authors under various (but compatible) licenses. Please see core.txt for
     2 | (function(){function $a(ha){var ea=0;return function(){return ea<ha.length?{done:!1,value:ha[ea++]}:{done:!0}}}var fb=""fu
     3 | function Lb(){ib();var ha=gb.Symbol.iterator;ha||(ha=gb.Symbol.iterator=gb.Symbol(""iterator""));""function""!=typeof Array.p
     4 | function Jc(ha){for(var ea,f=[];!(ea=ha.next()).done;)f.push(ea.value);return f}function Dd(ha){return ha instanceof Arra
     5 | Ed(""Promise"",function(ha){function ea(f){this.state_=0;this.DI=void 0;this.Or=[];var ca=this.OE();try{f(ca.resolve,ca.rej
     6 | this.Yl.length;){var f=this.Yl;this.Yl=[];for(var ca=0;ca<f.length;++ca){var y=f[ca];f[ca]=null;try{y()}catch(x){this.H_(
     7 | null!=f;break a;case ""function"":ca=!0;break a;default:ca=!1}ca?this.Dba(f):this.eP(f)}};ea.prototype.Dba=function(f){var
     8 | this.Or){for(var f=0;f<this.Or.length;++f)fa.qN(this.Or[f]);this.Or=null}};var fa=new f;ea.prototype.Jda=function(f){var
     9 | f)};ea.prototype.vy=function(f,ca){function y(){switch(x.state_){case 1:f(x.DI);break;case 2:ca(x.DI);break;default:throw
    10 | aa;r--;0==r&&x(h)}}var h=[],r=0;do h.push(void 0),r++,ba(y.value).vy(e(h.length-1),w),y=ca.next();while(!y.done)})};retur
    11 | function rf(){this.dv=!1;this.tn=null;this.hd=void 0;this.Ha=1;this.UO=this.zq=0;this.Qn=null}function sf(ha){if(ha.dv)th
    12 | function vf(ha){ha.zq=0;var ea=ha.Qn.MO;ha.Qn=null;return ea}rf.prototype.forIn=function(ha){return new rg(ha)};function
    13 | function vg(ha,ea){sf(ha.Zb);var f=ha.Zb.tn;if(f)return tg(ha,""return""in f?f[""return""]:function(f){return{value:f,done:!0
    14 | function tg(ha,ea,f,ba){try{var z=ea.call(ha.Zb.tn,f);if(!(z instanceof Object))throw new TypeError(""Iterator result ""+z+
    15 | function ug(ha){for(;ha.Zb.Ha;)try{var ea=ha.Y$(ha.Zb);if(ea)return ha.Zb.dv=!1,{value:ea.value,done:!1}}catch(f){ha.Zb.h
    16 | function Xh(ha){function ea(f){return ha.next(f)}function f(f){return ha.throw(f)}return new Promise(function(ba,z){funct
    17 | function Zh(ha,ea){Lb();ha instanceof String&&(ha+="""");var f=0,ba={next:function(){if(f<ha.length){var z=f++;return{value
    18 | function $h(ha,ea,f){ha instanceof String&&(ha=String(ha));for(var ba=ha.length,z=0;z<ba;z++){var fa=ha[z];if(ea.call(f,f
    19 | var bi=""function""==typeof Object.assign?Object.assign:function(ha,ea){for(var f=1;f<arguments.length;f++){var ba=argument
    20 | Ed(""WeakMap"",function(ha){function ea(f){this.Tu=(da+=Math.random()+1).toString();if(f){f=sc(f);for(var y;!(y=f.next()).d
    21 | 4==x.get(y)}catch(w){return!1}}())return ha;var fa=""$jscomp_hidden_""+Math.random();z(""freeze"");z(""preventExtensions"");z(""
       ^ Col 0
",generic.unverifiable_files
393. Use of software with known vulnerabilities in development,CWE-400,"Use of json-bigint at version 0.3.1 with ['GHSA-wgfq-7857-4jcc', 'CVE-2020-8237'] in myApp/package-lock.json",CVSS:3.1/AV:N/AC:L/PR:N/UI:N/S:U/C:N/I:N/A:H/E:U/RL:O/RC:C,https://docs.fluidattacks.com/criteria/vulnerabilities/393,skims,SCA,17563,"
  17553 |           ""dev"": true
  17554 |         }
  17555 |       }
  17556 |     },
  17557 |     ""jsesc"": {
  17558 |       ""version"": ""2.5.2"",
  17559 |       ""resolved"": ""https://registry.npmjs.org/jsesc/-/jsesc-2.5.2.tgz"",
  17560 |       ""integrity"": ""sha512-OYu7XEzjkCQ3C5Ps3QIZsQfNpqoJyZZA99wd9aWd05NCtC5pWOkShK2mkL6HXQR6/Cy2lbNdPlZBpuQHXE63gA=="",
  17561 |       ""dev"": true
  17562 |     },
> 17563 |     ""json-bigint"": {
  17564 |       ""version"": ""0.3.1"",
  17565 |       ""resolved"": ""https://registry.npmjs.org/json-bigint/-/json-bigint-0.3.1.tgz"",
  17566 |       ""integrity"": ""sha512-DGWnSzmusIreWlEupsUelHrhwmPPE+FiQvg+drKfk2p+bdEYa5mp4PJ8JsCWqae0M2jQNb0HPvnwvf1qOTThzQ=="",
  17567 |       ""dev"": true,
  17568 |       ""requires"": {
  17569 |         ""bignumber.js"": ""^9.0.0""
  17570 |       }
  17571 |     },
  17572 |     ""json-buffer"": {
  17573 |       ""version"": ""3.0.0"",
        ^ Col 0
",npm.npm_pkg_lock_json
393. Use of software with known vulnerabilities in development,CWE-400,"Use of trim at version 0.0.1 with ['GHSA-w5p7-h5w8-2hfq', 'CVE-2020-7753'] in myApp/package-lock.json",CVSS:3.1/AV:N/AC:L/PR:N/UI:N/S:U/C:N/I:N/A:H/E:U/RL:O/RC:C,https://docs.fluidattacks.com/criteria/vulnerabilities/393,skims,SCA,24351,"
  24341 |           ""integrity"": ""sha512-CJ1QgKmNg3CwvAv/kOFmtnEN05f0D/cn9QntgNOQlQF9dgvVTHj3t+8JPdjqawCHk7V/KA+fbUqzZ9XWhcqPUg=="",
  24342 |           ""dev"": true
  24343 |         }
  24344 |       }
  24345 |     },
  24346 |     ""tr46"": {
  24347 |       ""version"": ""0.0.3"",
  24348 |       ""resolved"": ""https://registry.npmjs.org/tr46/-/tr46-0.0.3.tgz"",
  24349 |       ""integrity"": ""sha512-N3WMsuqV66lT30CrXNbEjx4GEwlow3v6rr4mCcv6prnfwhS01rkgyFdjPNBYd9br7LpXV1+Emh01fHnq2Gdgrw==""
  24350 |     },
> 24351 |     ""trim"": {
  24352 |       ""version"": ""0.0.1"",
  24353 |       ""resolved"": ""https://registry.npmjs.org/trim/-/trim-0.0.1.tgz"",
  24354 |       ""integrity"": ""sha512-YzQV+TZg4AxpKxaTHK3c3D+kRDCGVEE7LemdlQZoQXn0iennk10RsIoY6ikzAqJTc9Xjl9C1/waHom/J86ziAQ=="",
  24355 |       ""dev"": true
  24356 |     },
  24357 |     ""trim-newlines"": {
  24358 |       ""version"": ""1.0.0"",
  24359 |       ""resolved"": ""https://registry.npmjs.org/trim-newlines/-/trim-newlines-1.0.0.tgz"",
  24360 |       ""integrity"": ""sha512-Nm4cF79FhSTzrLKGDMi3I4utBtFv8qKy4sq1enftf2gMdpqI8oVQTAfySkTz5r49giVzDj88SVZXP4CeYQwjaw=="",
  24361 |       ""dev"": true,
        ^ Col 0
",npm.npm_pkg_lock_json
393. Use of software with known vulnerabilities in development,CWE-400,"Use of trim-newlines at version 1.0.0 with ['GHSA-7p7h-4mm5-852v', 'CVE-2021-33623'] in myApp/package-lock.json",CVSS:3.1/AV:N/AC:L/PR:N/UI:N/S:U/C:N/I:N/A:H/E:U/RL:O/RC:C,https://docs.fluidattacks.com/criteria/vulnerabilities/393,skims,SCA,24357,"
  24347 |       ""version"": ""0.0.3"",
  24348 |       ""resolved"": ""https://registry.npmjs.org/tr46/-/tr46-0.0.3.tgz"",
  24349 |       ""integrity"": ""sha512-N3WMsuqV66lT30CrXNbEjx4GEwlow3v6rr4mCcv6prnfwhS01rkgyFdjPNBYd9br7LpXV1+Emh01fHnq2Gdgrw==""
  24350 |     },
  24351 |     ""trim"": {
  24352 |       ""version"": ""0.0.1"",
  24353 |       ""resolved"": ""https://registry.npmjs.org/trim/-/trim-0.0.1.tgz"",
  24354 |       ""integrity"": ""sha512-YzQV+TZg4AxpKxaTHK3c3D+kRDCGVEE7LemdlQZoQXn0iennk10RsIoY6ikzAqJTc9Xjl9C1/waHom/J86ziAQ=="",
  24355 |       ""dev"": true
  24356 |     },
> 24357 |     ""trim-newlines"": {
  24358 |       ""version"": ""1.0.0"",
  24359 |       ""resolved"": ""https://registry.npmjs.org/trim-newlines/-/trim-newlines-1.0.0.tgz"",
  24360 |       ""integrity"": ""sha512-Nm4cF79FhSTzrLKGDMi3I4utBtFv8qKy4sq1enftf2gMdpqI8oVQTAfySkTz5r49giVzDj88SVZXP4CeYQwjaw=="",
  24361 |       ""dev"": true,
  24362 |       ""optional"": true
  24363 |     },
  24364 |     ""trim-repeated"": {
  24365 |       ""version"": ""1.0.0"",
  24366 |       ""resolved"": ""https://registry.npmjs.org/trim-repeated/-/trim-repeated-1.0.0.tgz"",
  24367 |       ""integrity"": ""sha512-pkonvlKk8/ZuR0D5tLW8ljt5I8kmxp2XKymhepUeOdCEfKpZaktSArkLHZt76OB1ZvO9bssUsDty4SWhLvZpLg=="",
        ^ Col 0
",npm.npm_pkg_lock_json
188. Lack of data validation - Modify DOM Elements,CWE-489,Creation of dynamic DOM elements from user controlled inputs or the event origin is not checked in myApp/lib/core/pdf/WasmThread.js,CVSS:3.1/AV:N/AC:L/PR:L/UI:N/S:U/C:N/I:L/A:N/E:U/RL:O/RC:C,https://docs.fluidattacks.com/criteria/vulnerabilities/188,skims,SAST,32,"
  13 | nction(a,n){this.fs_q=this.fs_read_counter=0;this.needCallback=!1;this.fs_read_total=a;this.fs_q=n}}();d.AsyncFSHack={rea
  14 | syncFSHack.readingAsyncFS=0,delete d.AsyncFSHack.readCalls[a])},C=function(a,n,b,h,f,e){this.lruList=[];this.chunkMap={};
  15 | ].push(b);if(n){b=Math.min(a+this.chunkSize,this.length)-1;var h=new XMLHttpRequest;h.open(""GET"",this.url,!0);h.responseT
  16 | ed to load data from""+e.url),b=new Int8Array(0);for(var n=e.chunkReader[a],f=0;f<n.length;f++)n[f](b);delete e.chunkReade
  17 | Chunks:function(a,b){for(var n=a.length,h=Array(n),f=0,e=function(a,e){h[e]=a;++f;f===n&&b(h)},m=0;m<n;++m)this.wrapChunk
  18 | this.chunkMap[e]?(m=this.chunkMap[e].subarray(0,b),a.set(m,f),this.lruUpdate(e)):this.hadChunk(e)?h.push([e,0,b,f]):(m=ne
  19 | his.lruList.shift(),this.chunkMap[h]=null);this.lruUpdate(b);this.chunkMap[b]=a}};var B=function(a){this.chunkStorage=a;t
  20 | [1]+e[2]);n.set(f,e[3])}A(m)})):f&&A(m);h+=e}else e=0;if(!f){z(m);b+=e;if(c-=e){f=this.chunkStorage.getCacheData();c>f.le
  21 | .length&&(d=b.length),f=h-this.length,d-=f,m=a.subarray(m,m+d),b.subarray(f,f+d).set(m);h+=d;e+=d}this.position=h;return
  22 | ;var f=this;h.onload=function(){var a=new Int8Array(h.result);f.readerPool.push(h);d(a)};h.readAsArrayBuffer(this.file.sl
  23 | n(){return this.filePosition},getTotalSize:function(){return this.fileLength}};var v={open:function(a){var b=a.path.slice
  24 | ider.write(b,d,c,f):0}},y=function(a){if(!q[a]){var b=d.FS.makedev(3,5);d.FS.registerDevice(b,v);d.FS.mkdev(a,511,b);q[a]
  25 | ull!==a&&(""[object File]""===b||""[object Blob]""===b)}}).call(this,l(3))},function(c,b,l){c.exports=l(2)},function(c,b,l){f
  26 | }}),q=!0);r.sendTestResponse();d.PThread.receiveObjectTransfer=function(){var a=d.Module.GetNextResponseMessage();d.getTh
  27 | )&&(a[b]=f(a[b]));return a},C=function e(a){if(""object""===g(a)&&null!==a)if(a.isArrayBufferRef){var b=d.FS.readFile(a.han
  28 | DevId=e):Object(a.d)(e)&&(e=Object(a.a)(e),v[f]=e,c.value=e);else if(""SaveDoc""!==e&&""SaveDocFromFixedElements""!==e||!c)""G
  29 | ilePath=k}d.Module.HandleMessage(A(b))},r;d.MainThreadLabel=!0;d.getThreadedWasmWorker=function(){return r};var D=functio
  30 | return a!==b}))},sendTestResponse:function(){x&&u&&(this.handleMessage({action:""test"",data:{supportTypedArray:!0,supportT
  31 | ary""});c.fileData=g.buffer;c=w[e].docId;c in p&&(Object(a.c)(p[c]),delete p[c]);c&&!w[e].finishedWithDocument?p[c]=f:d.FS
> 32 | EventListener(""message"",m))};window.addEventListener(""message"",function(a){a=a.data;if(""loadWasmWorker""===a.action){var b
  33 | ndow)
     ^ Col 111
",javascript.tsx_lack_of_validation_event_listener
097. Reverse tabnabbing,CWE-502,"Use of window.open() method without ""noopener, noreferrer"" window features allows target page to change the contents of original page. in myApp/src/helpers/print.js",CVSS:3.1/AV:A/AC:L/PR:N/UI:R/S:U/C:N/I:L/A:N/E:U/RL:O/RC:C,https://docs.fluidattacks.com/criteria/vulnerabilities/097,skims,SAST,40,"
   30 |   let { pagesToPrint } = options;
   31 |
   32 |   if (!core.getDocument()) {
   33 |     return;
   34 |   }
   35 |
   36 |   const documentType = core.getDocument().getType();
   37 |   const bbURLPromise = core.getPrintablePDF();
   38 |
   39 |   if (bbURLPromise) {
>  40 |     const printPage = window.open('', '_blank');
   41 |     printPage.document.write(i18n.t('message.preparingToPrint'));
   42 |     bbURLPromise.then(result => {
   43 |       printPage.location.href = result.url;
   44 |     });
   45 |   } else if (isEmbedPrintSupported && documentType === workerTypes.PDF) {
   46 |     dispatch(actions.openElement('loadingModal'));
   47 |     printPdf().then(() => {
   48 |       dispatch(actions.closeElement('loadingModal'));
   49 |     });
   50 |   } else if (includeAnnotations || includeComments || printWithoutModal) {
      ^ Col 0
",javascript.javascript_has_reverse_tabnabbing
393. Use of software with known vulnerabilities in development,CWE-611,Use of decompress-tar at version 4.1.1 with ['SNYK-JS-DECOMPRESSTAR-559095'] in myApp/package-lock.json,CVSS:3.1/AV:N/AC:H/PR:L/UI:N/S:U/C:L/I:L/A:L/E:U/RL:O/RC:C,https://docs.fluidattacks.com/criteria/vulnerabilities/393,skims,SCA,10449,"
  10439 |     },
  10440 |     ""decompress-response"": {
  10441 |       ""version"": ""3.3.0"",
  10442 |       ""resolved"": ""https://registry.npmjs.org/decompress-response/-/decompress-response-3.3.0.tgz"",
  10443 |       ""integrity"": ""sha512-BzRPQuY1ip+qDonAOz42gRm/pg9F768C+npV/4JOsxRC2sq+Rlk+Q4ZCAsOhnIaMrgarILY+RMUIvMmmX1qAEA=="",
  10444 |       ""dev"": true,
  10445 |       ""requires"": {
  10446 |         ""mimic-response"": ""^1.0.0""
  10447 |       }
  10448 |     },
> 10449 |     ""decompress-tar"": {
  10450 |       ""version"": ""4.1.1"",
  10451 |       ""resolved"": ""https://registry.npmjs.org/decompress-tar/-/decompress-tar-4.1.1.tgz"",
  10452 |       ""integrity"": ""sha512-JdJMaCrGpB5fESVyxwpCx4Jdj2AagLmv3y58Qy4GE6HMVjWz1FeVQk1Ct4Kye7PftcdOo/7U7UKzYBJgqnGeUQ=="",
  10453 |       ""dev"": true,
  10454 |       ""requires"": {
  10455 |         ""file-type"": ""^5.2.0"",
  10456 |         ""is-stream"": ""^1.1.0"",
  10457 |         ""tar-stream"": ""^1.5.2""
  10458 |       },
  10459 |       ""dependencies"": {
        ^ Col 0
",npm.npm_pkg_lock_json
011. Use of software with known vulnerabilities,CWE-611,"Use of i18next at version 19.0.3 with ['SNYK-JS-I18NEXT-1065979', 'SNYK-JS-I18NEXT-575536'] in myApp/package.json",CVSS:3.1/AV:N/AC:H/PR:L/UI:N/S:U/C:L/I:L/A:L/E:U/RL:O/RC:C,https://docs.fluidattacks.com/criteria/vulnerabilities/011,skims,SCA,34,"
   24 |     ""@babel/polyfill"": ""^7.11.5"",
   25 |     ""@pdftron/webviewer-react-toolkit"": ""^0.7.4"",
   26 |     ""autolinker"": ""^3.11.1"",
   27 |     ""classnames"": ""^2.2.6"",
   28 |     ""css-vars-ponyfill"": ""^2.3.2"",
   29 |     ""dayjs"": ""^1.8.19"",
   30 |     ""fast-deep-equal"": ""^3.1.3"",
   31 |     ""file-saver"": ""git+https://github.com/ZhijieZhang/FileSaver.js.git"",
   32 |     ""hotkeys-js"": ""^3.7.3"",
   33 |     ""html2canvas"": ""git+https://github.com/PDFTron/html2canvas.git#pdftron-alpha10"",
>  34 |     ""i18next"": ""^19.0.3"",
   35 |     ""i18next-http-backend"": ""^1.0.16"",
   36 |     ""react"": ""^17.0.0"",
   37 |     ""react-color"": ""^2.18.1"",
   38 |     ""react-dnd"": ""^14.0.2"",
   39 |     ""react-dnd-html5-backend"": ""^14.0.0"",
   40 |     ""react-dom"": ""^17.0.0"",
   41 |     ""react-draggable"": ""^4.3.1"",
   42 |     ""react-hot-loader"": ""^4.12.19"",
   43 |     ""react-i18next"": ""^11.3.1"",
   44 |     ""react-measure"": ""^2.3.0"",
      ^ Col 0
",npm.npm_package_json
393. Use of software with known vulnerabilities in development,CWE-611,Use of unset-value at version 1.0.0 with ['SNYK-JS-UNSETVALUE-2400660'] in myApp/package-lock.json,CVSS:3.1/AV:N/AC:H/PR:L/UI:N/S:U/C:L/I:L/A:L/E:U/RL:O/RC:C,https://docs.fluidattacks.com/criteria/vulnerabilities/393,skims,SCA,24796,"
  24786 |       ""resolved"": ""https://registry.npmjs.org/unpipe/-/unpipe-1.0.0.tgz"",
  24787 |       ""integrity"": ""sha512-pjy2bYhSsufwWlKwPc+l3cN7+wuJlK6uz0YdJEOlQDbl6jo/YlPi4mb8agUkVC8BF7V8NuzeyPNqRksA3hztKQ=="",
  24788 |       ""dev"": true
  24789 |     },
  24790 |     ""unquote"": {
  24791 |       ""version"": ""1.1.1"",
  24792 |       ""resolved"": ""https://registry.npmjs.org/unquote/-/unquote-1.1.1.tgz"",
  24793 |       ""integrity"": ""sha512-vRCqFv6UhXpWxZPyGDh/F3ZpNv8/qo7w6iufLpQg9aKnQ71qM4B5KiI7Mia9COcjEhrO9LueHpMYjYzsWH3OIg=="",
  24794 |       ""dev"": true
  24795 |     },
> 24796 |     ""unset-value"": {
  24797 |       ""version"": ""1.0.0"",
  24798 |       ""resolved"": ""https://registry.npmjs.org/unset-value/-/unset-value-1.0.0.tgz"",
  24799 |       ""integrity"": ""sha512-PcA2tsuGSF9cnySLHTLSh2qrQiJ70mn+r+Glzxv2TWZblxsxCC52BDlZoPCsz7STd9pN7EZetkWZBAvk4cgZdQ=="",
  24800 |       ""dev"": true,
  24801 |       ""requires"": {
  24802 |         ""has-value"": ""^0.3.1"",
  24803 |         ""isobject"": ""^3.0.0""
  24804 |       },
  24805 |       ""dependencies"": {
  24806 |         ""has-value"": {
        ^ Col 0
",npm.npm_pkg_lock_json
393. Use of software with known vulnerabilities in development,CWE-74,"Use of ejs at version 2.7.4 with ['GHSA-phwq-j96m-2c2q', 'CVE-2022-29078'] in myApp/package-lock.json",CVSS:3.1/AV:N/AC:L/PR:N/UI:N/S:U/C:H/I:H/A:H/E:U/RL:O/RC:C,https://docs.fluidattacks.com/criteria/vulnerabilities/393,skims,SCA,11138,"
  11128 |       ""requires"": {
  11129 |         ""safe-buffer"": ""^5.0.1""
  11130 |       }
  11131 |     },
  11132 |     ""ee-first"": {
  11133 |       ""version"": ""1.1.1"",
  11134 |       ""resolved"": ""https://registry.npmjs.org/ee-first/-/ee-first-1.1.1.tgz"",
  11135 |       ""integrity"": ""sha512-WMwm9LhRUo+WUaRN+vRuETqG89IgZphVSNkdFgeb6sS/E4OrDIN7t48CAewSHXc6C8lefD8KKfr5vY61brQlow=="",
  11136 |       ""dev"": true
  11137 |     },
> 11138 |     ""ejs"": {
  11139 |       ""version"": ""2.7.4"",
  11140 |       ""resolved"": ""https://registry.npmjs.org/ejs/-/ejs-2.7.4.tgz"",
  11141 |       ""integrity"": ""sha512-7vmuyh5+kuUyJKePhQfRQBhXV5Ce+RnaeeQArKu1EAMpL3WbgMt5WG6uQZpEVvYSSsxMXRKOewtDk9RaTKXRlA=="",
  11142 |       ""dev"": true
  11143 |     },
  11144 |     ""electron-to-chromium"": {
  11145 |       ""version"": ""1.4.659"",
  11146 |       ""resolved"": ""https://registry.npmjs.org/electron-to-chromium/-/electron-to-chromium-1.4.659.tgz"",
  11147 |       ""integrity"": ""sha512-sRJ3nV3HowrYpBtPF9bASQV7OW49IgZC01Xiq43WfSE3RTCkK0/JidoCmR73Hyc1mN+l/H4Yqx0eNiomvExFZg=="",
  11148 |       ""dev"": true
        ^ Col 0
",npm.npm_pkg_lock_json
393. Use of software with known vulnerabilities in development,CWE-918,"Use of request at version 2.88.0 with ['GHSA-p8p7-x288-28g6', 'CVE-2023-28155'] in myApp/package-lock.json",CVSS:3.1/AV:N/AC:L/PR:N/UI:R/S:C/C:L/I:L/A:N/E:U/RL:O/RC:C,https://docs.fluidattacks.com/criteria/vulnerabilities/393,skims,SCA,22385,"
  22375 |     },
  22376 |     ""repeating"": {
  22377 |       ""version"": ""2.0.1"",
  22378 |       ""resolved"": ""https://registry.npmjs.org/repeating/-/repeating-2.0.1.tgz"",
  22379 |       ""integrity"": ""sha512-ZqtSMuVybkISo2OWvqvm7iHSWngvdaW3IpsT9/uP8v4gMi591LY6h35wdOfvQdWCKFWZWm2Y1Opp4kV7vQKT6A=="",
  22380 |       ""dev"": true,
  22381 |       ""requires"": {
  22382 |         ""is-finite"": ""^1.0.0""
  22383 |       }
  22384 |     },
> 22385 |     ""request"": {
  22386 |       ""version"": ""2.88.0"",
  22387 |       ""resolved"": ""https://registry.npmjs.org/request/-/request-2.88.0.tgz"",
  22388 |       ""integrity"": ""sha512-NAqBSrijGLZdM0WZNsInLJpkJokL72XYjUpnB0iwsRgxh7dB6COrHnTBNwN0E+lHDAJzu7kLAkDeY08z2/A0hg=="",
  22389 |       ""dev"": true,
  22390 |       ""requires"": {
  22391 |         ""aws-sign2"": ""~0.7.0"",
  22392 |         ""aws4"": ""^1.8.0"",
  22393 |         ""caseless"": ""~0.12.0"",
  22394 |         ""combined-stream"": ""~1.0.6"",
  22395 |         ""extend"": ""~3.0.2"",
        ^ Col 0
",npm.npm_pkg_lock_json
393. Use of software with known vulnerabilities in development,CWE-937,"Use of got at version 8.3.2 with ['GHSA-pfrx-2q88-qq97', 'CVE-2022-33987'] in myApp/package-lock.json",CVSS:3.1/AV:N/AC:L/PR:N/UI:N/S:U/C:N/I:L/A:N/E:U/RL:O/RC:C,https://docs.fluidattacks.com/criteria/vulnerabilities/393,skims,SCA,13548,"
  13538 |     },
  13539 |     ""gopd"": {
  13540 |       ""version"": ""1.0.1"",
  13541 |       ""resolved"": ""https://registry.npmjs.org/gopd/-/gopd-1.0.1.tgz"",
  13542 |       ""integrity"": ""sha512-d65bNlIadxvpb/A2abVdlqKqV563juRnZ1Wtk6s1sIR8uNsXR70xqIzVqxVf1eTqDunwT2MkczEeaezCKTZhwA=="",
  13543 |       ""dev"": true,
  13544 |       ""requires"": {
  13545 |         ""get-intrinsic"": ""^1.1.3""
  13546 |       }
  13547 |     },
> 13548 |     ""got"": {
  13549 |       ""version"": ""8.3.2"",
  13550 |       ""resolved"": ""https://registry.npmjs.org/got/-/got-8.3.2.tgz"",
  13551 |       ""integrity"": ""sha512-qjUJ5U/hawxosMryILofZCkm3C84PLJS/0grRIpjAwu+Lkxxj5cxeCU25BG0/3mDSpXKTyZr8oh8wIgLaH0QCw=="",
  13552 |       ""dev"": true,
  13553 |       ""requires"": {
  13554 |         ""@sindresorhus/is"": ""^0.7.0"",
  13555 |         ""cacheable-request"": ""^2.1.1"",
  13556 |         ""decompress-response"": ""^3.3.0"",
  13557 |         ""duplexer3"": ""^0.1.4"",
  13558 |         ""get-stream"": ""^3.0.0"",
        ^ Col 0
",npm.npm_pkg_lock_json
Summary: 34 vulnerabilities were found in your targets.